SimID, EventID, SimTime, SysTime, EventType, NodeID, ObjectID
21,21700,328850,4581,Event_ContainerValidation,5,6
21,63911,989945,24157,Event_ContainerValidation,9,9
21,91229,1397681,33838,Event_ContainerValidation,6,1
21,99348,1516874,34984,Event_ContainerValidation,3,4
21,110426,1684150,36400,Event_ContainerValidation,3,17
21,161929,2477379,75009,Event_ContainerValidation,4,5
21,169129,2587920,77904,Event_ContainerValidation,3,18
21,174743,2671394,79148,Event_ContainerValidation,7,7
21,183143,2800557,80591,Event_ContainerValidation,6,14
21,213980,3267277,94036,Event_ContainerValidation,3,20
21,257695,3952927,135027,Event_ContainerValidation,2,16
21,282786,4343320,157462,Event_ContainerValidation,1,21
21,331605,5091148,226051,Event_ContainerValidation,3,24
21,350822,5378761,253907,Event_ContainerValidation,7,22
21,400940,6126422,360871,Event_ContainerValidation,8,8
21,403025,6161942,372392,Event_ContainerValidation,8,29
21,436915,6661550,410981,Event_ContainerValidation,10,10
21,449853,6859805,425412,Event_ContainerValidation,4,19
21,458619,6994510,431427,Event_ContainerValidation,4,34
21,468329,7134461,437509,Event_ContainerValidation,9,13
21,493997,7520318,463847,Event_ContainerValidation,4,42
21,507242,7725938,483299,Event_ContainerValidation,1,40
21,576110,8772263,639944,Event_ContainerValidation,9,44
21,630549,9609508,812807,Event_ContainerValidation,5,50
21,636589,9699698,831604,Event_ContainerValidation,7,28
21,644661,9819529,847721,Event_ContainerValidation,7,53
21,650172,9899383,856426,Event_ContainerValidation,3,48
21,665058,10125476,873790,Event_ContainerValidation,10,31
21,669314,10191769,879753,Event_ContainerValidation,7,54
21,671824,10231049,882618,Event_ContainerValidation,5,65
21,690637,10514968,909874,Event_ContainerValidation,8,74
21,704899,10735973,930571,Event_ContainerValidation,5,71
21,712631,10946187,957802,Event_ContainerValidation,6,72
22,738236,328850,6276,Event_ContainerValidation,5,6
22,782527,989945,36191,Event_ContainerValidation,9,9
22,809595,1397681,47911,Event_ContainerValidation,6,1
22,817764,1516874,49884,Event_ContainerValidation,3,4
22,856517,2119468,76849,Event_ContainerValidation,3,14
22,891830,2671394,105485,Event_ContainerValidation,7,7
22,936620,3340356,146308,Event_ContainerValidation,7,20
22,950959,3559362,155298,Event_ContainerValidation,4,15
22,1104474,5864711,590868,Event_ContainerValidation,6,13
22,1121586,6126422,645444,Event_ContainerValidation,8,8
22,1157361,6661550,727828,Event_ContainerValidation,10,10
22,1213698,7507186,891330,Event_ContainerValidation,4,22
22,1241433,7932155,981158,Event_ContainerValidation,1,16
22,1305116,8885311,1209577,Event_ContainerValidation,9,12
22,1397928,10277836,1668188,Event_ContainerValidation,9,28
22,1399342,10301382,1691278,Event_ContainerValidation,10,25
22,1429020,11329353,1820481,Event_ContainerValidation,4,26
22,1429057,11356091,1829605,Event_ContainerValidation,4,31
22,1429241,11530539,1842484,Event_ContainerValidation,3,19
22,1429692,11971926,1865936,Event_ContainerValidation,6,23
23,1453638,328850,4995,Event_ContainerValidation,5,6
23,1497229,989945,29004,Event_ContainerValidation,9,9
23,1523437,1397681,39485,Event_ContainerValidation,6,1
23,1531916,1516874,41384,Event_ContainerValidation,3,4
23,1538853,1623684,42490,Event_ContainerValidation,9,13
23,1546640,1730710,43653,Event_ContainerValidation,2,21
23,1572165,2125202,55727,Event_ContainerValidation,2,25
23,1607433,2671394,78141,Event_ContainerValidation,7,7
23,1650553,3299794,107894,Event_ContainerValidation,3,26
23,1663365,3491373,113446,Event_ContainerValidation,2,27
23,1696475,3991862,135937,Event_ContainerValidation,3,30
23,1837752,6126422,497648,Event_ContainerValidation,8,8
23,1872837,6661550,645639,Event_ContainerValidation,10,10
23,1972645,8157698,1065763,Event_ContainerValidation,3,33
23,1989322,8404707,1132183,Event_ContainerValidation,9,22
23,2068673,9614559,1543021,Event_ContainerValidation,1,31
23,2123598,10449178,1861485,Event_ContainerValidation,1,38
23,2144426,10817994,2073063,Event_ContainerValidation,4,23
23,2144471,10852179,2088737,Event_ContainerValidation,1,39
23,2144709,11080574,2112692,Event_ContainerValidation,7,29
23,2145255,11616579,2163030,Event_ContainerValidation,9,37
23,2145275,11626661,2172647,Event_ContainerValidation,9,43
24,2169073,328850,7694,Event_ContainerValidation,5,6
24,2213084,989945,53217,Event_ContainerValidation,9,9
24,2240822,1397681,71990,Event_ContainerValidation,6,1
24,2248581,1516874,74779,Event_ContainerValidation,3,4
24,2311252,2477379,169117,Event_ContainerValidation,4,5
24,2324086,2671394,182771,Event_ContainerValidation,7,7
24,2328377,2732325,185740,Event_ContainerValidation,1,2
24,2346551,3006482,197065,Event_ContainerValidation,1,18
24,2356564,3159231,203599,Event_ContainerValidation,6,22
24,2381047,3522844,227007,Event_ContainerValidation,4,20
24,2414357,4022007,265398,Event_ContainerValidation,9,12
24,2479647,5001652,412352,Event_ContainerValidation,9,28
24,2484199,5073050,423167,Event_ContainerValidation,7,16
24,2503489,5371222,445243,Event_ContainerValidation,7,30
24,2553595,6126422,559453,Event_ContainerValidation,8,8
24,2589160,6661550,642577,Event_ContainerValidation,10,10
24,2679442,8021643,922160,Event_ContainerValidation,4,27
24,2690951,8200729,959980,Event_ContainerValidation,5,21
24,2754261,9150910,1133349,Event_ContainerValidation,3,17
24,2756728,9187013,1149956,Event_ContainerValidation,4,35
24,2762986,9285774,1162987,Event_ContainerValidation,10,34
24,2847621,10558271,1472568,Event_ContainerValidation,4,38
24,2860916,11293359,1575346,Event_ContainerValidation,10,41
24,2861567,11933370,1640954,Event_ContainerValidation,10,43
25,2886154,328850,6547,Event_ContainerValidation,5,6
25,2929245,989945,34085,Event_ContainerValidation,9,9
25,2954933,1397681,44072,Event_ContainerValidation,6,1
25,2963332,1516874,46120,Event_ContainerValidation,3,4
25,2966451,1565261,46616,Event_ContainerValidation,2,18
25,2982303,1797633,50547,Event_ContainerValidation,5,16
25,3013327,2281171,68357,Event_ContainerValidation,4,20
25,3021924,2408184,71656,Event_ContainerValidation,5,27
25,3073516,3207098,116893,Event_ContainerValidation,9,24
25,3075985,3245510,119454,Event_ContainerValidation,7,22
25,3140338,4227458,174632,Event_ContainerValidation,7,32
25,3172549,4718038,196719,Event_ContainerValidation,8,23
25,3175213,4762423,199602,Event_ContainerValidation,7,33
25,3195409,5068093,205122,Event_ContainerValidation,9,31
25,3206234,5233265,208189,Event_ContainerValidation,5,30
25,3215317,5376196,210366,Event_ContainerValidation,1,35
25,3232498,5627015,215078,Event_ContainerValidation,8,34
25,3249243,5871180,220364,Event_ContainerValidation,7,36
25,3279996,6333468,233118,Event_ContainerValidation,5,39
25,3301784,6661550,242500,Event_ContainerValidation,10,10
25,3394382,8057647,342230,Event_ContainerValidation,5,45
25,3417478,8403544,372188,Event_ContainerValidation,1,44
25,3425823,8528514,380694,Event_ContainerValidation,7,43
25,3450251,8896728,396608,Event_ContainerValidation,3,19
25,3457925,9010232,402087,Event_ContainerValidation,4,28
25,3509311,9785141,446159,Event_ContainerValidation,2,53
25,3523802,9995801,457791,Event_ContainerValidation,6,21
25,3534232,10145168,463692,Event_ContainerValidation,3,51
25,3552238,10411290,472451,Event_ContainerValidation,1,57
25,3576962,11304218,495065,Event_ContainerValidation,5,47
